{"1": [0.14152234824124107, 0.006798752965406046, 0.0], "2": [0.14152234824124107, 0.017987941177709826, 0.0], "3": [0.14152234824124107, 0.021883435893312746, 6.486687860771986e-16], "4": [0.14152234824124107, 0.007366324196475599, 6.486687860771986e-16], "5": [0.14152234824124107, 0.007155321725662221, 6.486687860771986e-16], "6": [0.14152234824124107, 0.006446328777706575, 6.486687860771986e-16], "7": [0.14152234824124107, 0.005392896370479251, 6.486687860771986e-16], "8": [0.14152234824124107, 0.005146425476961281, 6.486687860771986e-16], "9": [0.14152234824124107, 0.006872269587607291, 6.486687860771986e-16], "10": [0.14152234824124107, 0.004948578040561763, 6.486687860771986e-16], "11": [0.14152234824124107, 0.006976931296459053, 6.486687860771986e-16], "12": [0.14152234824124107, 0.004059368349000169, 6.486687860771986e-16], "13": [0.14152234824124107, 0.0061974488125275074, 6.486687860771986e-16], "14": [0.14152234824124107, 0.006384861531525113, 6.486687860771986e-16], "15": [0.14152234824124107, 0.0058379355570456525, 6.486687860771986e-16], "16": [0.14152234824124107, 0.005269673565193921, 6.486687860771986e-16], "17": [0.14152234824124107, 0.007251707187816229, 6.486687860771986e-16], "18": [0.14152234824124107, 0.0044945596471376295, 6.486687860771986e-16], "19": [0.14152234824124107, 0.005898120609207761, 6.486687860771986e-16], "20": [0.14152234824124107, 0.007429427873317294, 6.486687860771986e-16], "21": [0.14152234824124107, 0.004620065497957672, 6.486687860771986e-16], "22": [0.14152234824124107, 0.007308279543376748, 6.486687860771986e-16], "23": [0.14152234824124107, 0.008470723987306032, 6.486687860771986e-16], "24": [0.14152234824124107, 0.006748323907461013, 6.486687860771986e-16], "25": [0.14152234824124107, 0.00759459697036883, 6.486687860771986e-16], "26": [0.14152234824124107, 0.006112542532760686, 6.486687860771986e-16], "27": [0.14152234824124107, 0.004848172202171495, 6.486687860771986e-16], "28": [0.14152234824124107, 0.006617765702284113, 6.486687860771986e-16], "29": [0.14152234824124107, 0.005559085496281549, 6.486687860771986e-16], "30": [0.14152234824124107, 0.006832273490140155, 6.486687860771986e-16]}