{"1": [0.06120102908552535, 0.008239591386671663, 0.0], "2": [0.06120102908552535, 0.01700781064158764, 6.486687860771986e-16], "3": [0.06299401291458126, 0.01516220956766045, 6.486687860771986e-16], "4": [0.06299401291458126, 0.014013052031226492, 0.0], "5": [0.06299401291458126, 0.019162923273088873, 6.486687860771986e-16], "6": [0.06299401291458126, 0.018974329021288983, 6.486687860771986e-16], "7": [0.06299401291458126, 0.02061248630276368, 6.486687860771986e-16], "8": [0.06299401291458126, 0.01547347378577413, 6.486687860771986e-16], "9": [0.06299401291458126, 0.015929171337456867, 6.486687860771986e-16], "10": [0.06299401291458126, 0.02144360884765705, 6.486687860771986e-16], "11": [0.09883080094507636, 0.022380203390347082, 6.486687860771986e-16], "12": [0.09883080094507636, 0.0195292985937594, 6.486687860771986e-16], "13": [0.09883080094507636, 0.025511353270538387, 6.486687860771986e-16], "14": [0.09883080094507636, 0.028499459154893277, 6.486687860771986e-16], "15": [0.09883080094507636, 0.045311309333272536, 6.486687860771986e-16], "16": [0.09883080094507636, 0.03169137918641523, 6.486687860771986e-16], "17": [0.09883080094507636, 0.03316732564977143, 6.486687860771986e-16], "18": [0.09883080094507636, 0.027072355383862493, 6.486687860771986e-16], "19": [0.09883080094507636, 0.024597505373134702, 6.486687860771986e-16], "20": [0.09883080094507636, 0.03146984958463324, 6.486687860771986e-16], "21": [0.09883080094507636, 0.02517933938980703, 6.486687860771986e-16], "22": [0.09883080094507636, 0.030774579168954, 0.0], "23": [0.09883080094507636, 0.025962284766222164, 0.0], "24": [0.09883080094507636, 0.0479016519436766, 6.486687860771986e-16], "25": [0.09883080094507636, 0.030604422904717304, 6.486687860771986e-16], "26": [0.09883080094507636, 0.02480250896654793, 0.0], "27": [0.09883080094507636, 0.02748907114891056, 6.486687860771986e-16], "28": [0.09883080094507636, 0.041521523771937234, 6.486687860771986e-16], "29": [0.09883080094507636, 0.037204823848704084, 6.486687860771986e-16], "30": [0.09883080094507636, 0.029877541127453222, 6.486687860771986e-16]}