{"1": [0.08366869386806094, 0.0059997470371659775, 0.0], "2": [0.09844281083885693, 0.025570023941085724, 6.486687860771986e-16], "3": [0.11864170126527245, 0.04766559025285619, 6.486687860771986e-16], "4": [0.13760593616560687, 0.05624156286948187, 6.486687860771986e-16], "5": [0.13760593616560687, 0.08448089858511701, 6.486687860771986e-16], "6": [0.1493627173213619, 0.07537845784516246, 6.486687860771986e-16], "7": [0.1493627173213619, 0.06968294401583468, 6.486687860771986e-16], "8": [0.1493627173213619, 0.07388626199207306, 6.486687860771986e-16], "9": [0.1493627173213619, 0.055887157495251256, 6.486687860771986e-16], "10": [0.1493627173213619, 0.05634149023568863, 6.486687860771986e-16], "11": [0.15131940959008855, 0.07052234858842371, 6.486687860771986e-16], "12": [0.15131940959008855, 0.060125508729357416, 6.486687860771986e-16], "13": [0.15131940959008855, 0.06961911307025519, 6.232449021384381e-16], "14": [0.16459584534863606, 0.058339333162747996, 6.232449021384381e-16], "15": [0.1660643057262962, 0.05533701015120368, 6.486687860771986e-16], "16": [0.1660643057262962, 0.06818983104753201, 6.486687860771986e-16], "17": [0.1660643057262962, 0.082716129934721, 6.486687860771986e-16], "18": [0.1660643057262962, 0.0733122332706372, 6.486687860771986e-16], "19": [0.1660643057262962, 0.07519288946830106, 6.486687860771986e-16], "20": [0.1660643057262962, 0.07875098042229156, 6.486687860771986e-16], "21": [0.1660643057262962, 0.07467081783545328, 6.486687860771986e-16], "22": [0.1660643057262962, 0.07922901518046391, 6.486687860771986e-16], "23": [0.1660643057262962, 0.06993176164667943, 6.486687860771986e-16], "24": [0.1660643057262962, 0.07949802289189911, 2.723947181737696e-06], "25": [0.1660643057262962, 0.08257602331890466, 6.486687860771986e-16], "26": [0.1660643057262962, 0.0839687133864498, 6.486687860771986e-16], "27": [0.1660643057262962, 0.08112259327003628, 6.486687860771986e-16], "28": [0.1660643057262962, 0.08191421545336411, 6.486687860771986e-16], "29": [0.1660643057262962, 0.07734362399674093, 6.486687860771986e-16], "30": [0.1660643057262962, 0.07585031791416609, 6.486687860771986e-16]}