{"1": [0.08366869386806094, 0.007897950373154716, 6.486687860771986e-16], "2": [0.08366869386806094, 0.018226623294885173, 6.486687860771986e-16], "3": [0.11890140876082571, 0.0568007050883599, 6.486687860771986e-16], "4": [0.11890140876082571, 0.06001008737519634, 6.486687860771986e-16], "5": [0.12860693769980458, 0.07908795991933824, 6.486687860771986e-16], "6": [0.12860693769980458, 0.08971403827372278, 6.486687860771986e-16], "7": [0.12860693769980458, 0.08256843177515175, 6.486687860771986e-16], "8": [0.12860693769980458, 0.0774673691516629, 6.486687860771986e-16], "9": [0.12860693769980458, 0.08992492901714083, 6.486687860771986e-16], "10": [0.12860693769980458, 0.08794511403794998, 6.486687860771986e-16]}