{"1": [0.08366869386806094, 0.007897950373154716, 6.486687860771986e-16], "2": [0.08366869386806094, 0.018226623294885173, 6.486687860771986e-16], "3": [0.11890140876082571, 0.0568007050883599, 6.486687860771986e-16], "4": [0.11890140876082571, 0.06001008737519634, 6.486687860771986e-16], "5": [0.12860693769980458, 0.07908795991933824, 6.486687860771986e-16], "6": [0.12860693769980458, 0.08971403827372278, 6.486687860771986e-16], "7": [0.12860693769980458, 0.08256843177515175, 6.486687860771986e-16], "8": [0.12860693769980458, 0.0774673691516629, 6.486687860771986e-16], "9": [0.12860693769980458, 0.08992492901714083, 6.486687860771986e-16], "10": [0.12860693769980458, 0.08794511403794998, 6.486687860771986e-16], "11": [0.12860693769980458, 0.07311491584911024, 6.486687860771986e-16], "12": [0.12860693769980458, 0.09089856987639171, 6.486687860771986e-16], "13": [0.12920511983843302, 0.08373765976694006, 6.486687860771986e-16], "14": [0.12920511983843302, 0.08443886314252728, 6.486687860771986e-16], "15": [0.12920511983843302, 0.09579561281245343, 6.486687860771986e-16], "16": [0.13605151574010094, 0.0914903366918896, 6.486687860771986e-16], "17": [0.13605151574010094, 0.09146589079623675, 6.486687860771986e-16], "18": [0.14830980467943417, 0.11251032282695465, 6.486687860771986e-16], "19": [0.1493627173213619, 0.10366413405943767, 6.486687860771986e-16], "20": [0.1493627173213619, 0.1138335767296598, 6.486687860771986e-16], "21": [0.1819507895392023, 0.10105858803528775, 0.0017897401433005229], "22": [0.1819507895392023, 0.10143769030163315, 0.00026402357749471877], "23": [0.1819507895392023, 0.12441829286818105, 6.486687860771986e-16], "24": [0.1819507895392023, 0.129691035903044, 0.0005291295819806549], "25": [0.1819507895392023, 0.11842409003792383, 6.486687860771986e-16], "26": [0.1819507895392023, 0.12245472411867823, 6.486687860771986e-16], "27": [0.1819507895392023, 0.13124763796146308, 0.0015677636749778616], "28": [0.1819507895392023, 0.12900073417085184, 4.290012929824804e-05], "29": [0.1971185496866715, 0.11464829383930066, 6.486687860771986e-16], "30": [0.1971185496866715, 0.1157171508877658, 0.0]}