{"1": [0.08366869386806094, 0.007897950373154716, 6.486687860771986e-16], "2": [0.08366869386806094, 0.018226623294885173, 6.486687860771986e-16], "3": [0.11890140876082571, 0.0568007050883599, 6.486687860771986e-16], "4": [0.11890140876082571, 0.06001008737519634, 6.486687860771986e-16], "5": [0.12860693769980458, 0.07908795991933824, 6.486687860771986e-16], "6": [0.12860693769980458, 0.08971403827372278, 6.486687860771986e-16], "7": [0.12860693769980458, 0.08256843177515175, 6.486687860771986e-16], "8": [0.12860693769980458, 0.0774673691516629, 6.486687860771986e-16], "9": [0.12860693769980458, 0.08992492901714083, 6.486687860771986e-16], "10": [0.12860693769980458, 0.08794511403794998, 6.486687860771986e-16], "11": [0.12860693769980458, 0.07311491584911024, 6.486687860771986e-16], "12": [0.12860693769980458, 0.09089856987639171, 6.486687860771986e-16], "13": [0.12920511983843302, 0.08373765976694006, 6.486687860771986e-16], "14": [0.12920511983843302, 0.08443886314252728, 6.486687860771986e-16], "15": [0.12920511983843302, 0.09579561281245343, 6.486687860771986e-16], "16": [0.13605151574010094, 0.0914903366918896, 6.486687860771986e-16], "17": [0.13605151574010094, 0.09146589079623675, 6.486687860771986e-16], "18": [0.14830980467943417, 0.11251032282695465, 6.486687860771986e-16], "19": [0.1493627173213619, 0.10366413405943767, 6.486687860771986e-16], "20": [0.1493627173213619, 0.1138335767296598, 6.486687860771986e-16], "21": [0.1819507895392023, 0.10105858803528775, 0.0017897401433005229], "22": [0.1819507895392023, 0.10143769030163315, 0.00026402357749471877], "23": [0.1819507895392023, 0.12441829286818105, 6.486687860771986e-16], "24": [0.1819507895392023, 0.129691035903044, 0.0005291295819806549], "25": [0.1819507895392023, 0.11842409003792383, 6.486687860771986e-16], "26": [0.1819507895392023, 0.12245472411867823, 6.486687860771986e-16], "27": [0.1819507895392023, 0.13124763796146308, 0.0015677636749778616], "28": [0.1819507895392023, 0.12900073417085184, 4.290012929824804e-05], "29": [0.1971185496866715, 0.11464829383930066, 6.486687860771986e-16], "30": [0.1971185496866715, 0.1157171508877658, 0.0], "31": [0.24110851809158435, 0.1016430932063348, 6.486687860771986e-16], "32": [0.24110851809158435, 0.11867693029246852, 0.0023883819234534506], "33": [0.24110851809158435, 0.12136770447209266, 0.0017897401433005229], "34": [0.24110851809158435, 0.1119700865460602, 6.486687860771986e-16], "35": [0.24110851809158435, 0.1044796148776393, 0.002771716482594365], "36": [0.2538130089030065, 0.11432355460023617, 0.0017897401433005229], "37": [0.2538130089030065, 0.1223286013981289, 0.0004462945456119166], "38": [0.2538130089030065, 0.11949572682005838, 0.0006638547768844776], "39": [0.2538130089030065, 0.11692101880505706, 0.0017897401433005229], "40": [0.2538130089030065, 0.10555123962007773, 6.486687860771986e-16], "41": [0.2538130089030065, 0.09952040420389519, 0.0006797585828502657], "42": [0.2538130089030065, 0.1171043230336804, 0.0012257413613536066], "43": [0.2538130089030065, 0.11190136173458297, 0.00018026137281056603], "44": [0.2538130089030065, 0.10968386397191321, 2.380949872312688e-05], "45": [0.2538130089030065, 0.10832837320833039, 2.380949872312688e-05], "46": [0.2538130089030065, 0.11051750501881438, 0.0006324094420637023], "47": [0.2538130089030065, 0.1086221056767216, 0.0017897401433005229], "48": [0.2538130089030065, 0.11857878442109042, 2.380949872312688e-05], "49": [0.2538130089030065, 0.1140114614342713, 2.380949872312688e-05], "50": [0.2538130089030065, 0.10036231238010317, 0.0017897401433005229], "51": [0.2538130089030065, 0.09880982040018989, 2.380949872312688e-05], "52": [0.2538130089030065, 0.1166694682012829, 0.0017897401433005229], "53": [0.2538130089030065, 0.11681915857668324, 0.002876582583619455], "54": [0.2538130089030065, 0.1094550890058966, 0.0006797585828502657], "55": [0.2538130089030065, 0.09599847819284843, 6.486687860771986e-16], "56": [0.2538130089030065, 0.12366777003781834, 6.486687860771986e-16], "57": [0.2538130089030065, 0.11275061112166529, 2.380949872312688e-05], "58": [0.2538130089030065, 0.09700127880386596, 6.486687860771986e-16], "59": [0.2538130089030065, 0.11772440733748003, 2.380949872312688e-05], "60": [0.2538130089030065, 0.10078483149764578, 0.00018026137281056603]}