{"1": [0.08366869386806094, 0.007897950373154716, 6.486687860771986e-16], "2": [0.09574932560264203, 0.02140696771758207, 6.486687860771986e-16], "3": [0.1337417696040474, 0.0535707245362488, 6.486687860771986e-16], "4": [0.13760593616560687, 0.06533349063606761, 6.486687860771986e-16], "5": [0.13760593616560687, 0.06307815743495446, 6.486687860771986e-16], "6": [0.13760593616560687, 0.07133213001960205, 6.486687860771986e-16], "7": [0.13760593616560687, 0.06971169033419297, 6.486687860771986e-16], "8": [0.1493627173213619, 0.0779873579519061, 6.486687860771986e-16], "9": [0.1493627173213619, 0.07651434857747913, 6.486687860771986e-16], "10": [0.1493627173213619, 0.08020909920794768, 6.486687860771986e-16], "11": [0.1493627173213619, 0.07185196311088032, 6.486687860771986e-16], "12": [0.1337417696040474, 0.06835553884431679, 6.486687860771986e-16], "13": [0.1493627173213619, 0.06673754046478449, 6.486687860771986e-16], "14": [0.1493627173213619, 0.07472015660472714, 6.486687860771986e-16], "15": [0.1493627173213619, 0.04302222853960655, 6.486687860771986e-16], "16": [0.1493627173213619, 0.019678604926770416, 6.486687860771986e-16], "17": [0.1493627173213619, 0.05624578539945521, 6.486687860771986e-16], "18": [0.1493627173213619, 0.0559731444282261, 6.486687860771986e-16], "19": [0.1493627173213619, 0.02296752464394392, 6.486687860771986e-16], "20": [0.1493627173213619, 0.0630188732226718, 6.486687860771986e-16], "21": [0.14077589430162082, 0.06053747492126486, 6.486687860771986e-16], "22": [0.1337417696040474, 0.04401554141968995, 6.486687860771986e-16], "23": [0.14830980467943417, 0.0821569176424432, 6.486687860771986e-16], "24": [0.14830980467943417, 0.08942648118550513, 6.486687860771986e-16], "25": [0.14830980467943417, 0.08112568394276565, 6.486687860771986e-16], "26": [0.14830980467943417, 0.07604934962841392, 6.486687860771986e-16], "27": [0.14830980467943417, 0.0774960042977471, 6.486687860771986e-16], "28": [0.14830980467943417, 0.08579595654177284, 6.486687860771986e-16], "29": [0.14830980467943417, 0.10122141627368604, 6.486687860771986e-16], "30": [0.14830980467943417, 0.07769601514826688, 6.486687860771986e-16], "31": [0.14830980467943417, 0.09302132050757603, 6.486687860771986e-16], "32": [0.14830980467943417, 0.07775502568588313, 6.486687860771986e-16], "33": [0.14830980467943417, 0.09217691580910838, 6.486687860771986e-16], "34": [0.14830980467943417, 0.07161290153945704, 6.486687860771986e-16], "35": [0.14830980467943417, 0.07265995157625381, 6.486687860771986e-16], "36": [0.14830980467943417, 0.07931429531583149, 6.486687860771986e-16], "37": [0.14830980467943417, 0.08156606763936604, 6.486687860771986e-16], "38": [0.14830980467943417, 0.05726435404575103, 6.486687860771986e-16], "39": [0.14830980467943417, 0.0770673879890901, 6.486687860771986e-16], "40": [0.14830980467943417, 0.09859535369506242, 6.486687860771986e-16], "41": [0.14830980467943417, 0.07989209768936731, 6.486687860771986e-16], "42": [0.14830980467943417, 0.09001209445922764, 6.486687860771986e-16], "43": [0.14830980467943417, 0.0774362257793531, 6.486687860771986e-16], "44": [0.14830980467943417, 0.0870086036448041, 6.486687860771986e-16], "45": [0.14830980467943417, 0.08967310467140983, 6.486687860771986e-16]}