{"1": [0.08366869386806094, 0.007897950373154716, 6.486687860771986e-16], "2": [0.08366869386806094, 0.016057631439607197, 6.486687860771986e-16], "3": [0.11890140876082571, 0.05165029033021411, 6.486687860771986e-16], "4": [0.11890140876082571, 0.05800112795488984, 6.486687860771986e-16], "5": [0.12860693769980458, 0.07882372836387824, 6.486687860771986e-16], "6": [0.14830980467943417, 0.08046351871968141, 6.486687860771986e-16], "7": [0.14830980467943417, 0.0935130301610772, 6.486687860771986e-16], "8": [0.14830980467943417, 0.10343413410605577, 6.486687860771986e-16], "9": [0.14830980467943417, 0.07167140579553383, 6.486687860771986e-16], "10": [0.14830980467943417, 0.08033752295028547, 6.486687860771986e-16], "11": [0.14830980467943417, 0.0914101355328217, 6.486687860771986e-16], "12": [0.14830980467943417, 0.08540828855874093, 6.486687860771986e-16], "13": [0.14830980467943417, 0.07174019882261115, 6.486687860771986e-16], "14": [0.14830980467943417, 0.09371904282559379, 6.486687860771986e-16], "15": [0.14830980467943417, 0.10979817283363387, 6.486687860771986e-16], "16": [0.14830980467943417, 0.10373180061530814, 6.486687860771986e-16], "17": [0.14830980467943417, 0.09838902598240576, 6.486687860771986e-16], "18": [0.14830980467943417, 0.08268112288620966, 6.486687860771986e-16], "19": [0.14830980467943417, 0.09940128369154778, 6.486687860771986e-16], "20": [0.14830980467943417, 0.08535405956438195, 6.486687860771986e-16], "21": [0.14830980467943417, 0.09110007753369365, 6.486687860771986e-16], "22": [0.14830980467943417, 0.07676629165093382, 6.486687860771986e-16], "23": [0.14830980467943417, 0.09256896332549397, 6.486687860771986e-16], "24": [0.14830980467943417, 0.09766502938783467, 6.486687860771986e-16], "25": [0.14830980467943417, 0.10080834772883328, 6.486687860771986e-16], "26": [0.14830980467943417, 0.10241048886502815, 6.486687860771986e-16], "27": [0.14830980467943417, 0.10503903997914114, 6.486687860771986e-16], "28": [0.14830980467943417, 0.09936692121534291, 6.486687860771986e-16], "29": [0.14830980467943417, 0.09731161417575712, 6.486687860771986e-16], "30": [0.14830980467943417, 0.1032883475801696, 6.486687860771986e-16], "31": [0.14830980467943417, 0.10284614112025035, 6.486687860771986e-16], "32": [0.14830980467943417, 0.12425082835181328, 6.486687860771986e-16], "33": [0.14830980467943417, 0.09716698427571788, 6.486687860771986e-16], "34": [0.14830980467943417, 0.10833597742781162, 6.486687860771986e-16], "35": [0.14830980467943417, 0.11315309288883452, 6.486687860771986e-16], "36": [0.14830980467943417, 0.10307057842101418, 6.486687860771986e-16], "37": [0.14830980467943417, 0.11253369093711, 6.486687860771986e-16], "38": [0.14830980467943417, 0.12084353786949847, 6.486687860771986e-16], "39": [0.14830980467943417, 0.1028729951673624, 6.486687860771986e-16], "40": [0.14830980467943417, 0.11347248861512883, 6.486687860771986e-16], "41": [0.14830980467943417, 0.10345826983321935, 6.486687860771986e-16], "42": [0.14830980467943417, 0.08923848222380364, 6.486687860771986e-16], "43": [0.14830980467943417, 0.11641529056964538, 6.486687860771986e-16], "44": [0.14830980467943417, 0.09088014087439937, 6.486687860771986e-16], "45": [0.14830980467943417, 0.10320964582824711, 6.486687860771986e-16]}