{"1": [0.08366869386806094, 0.007897950373154716, 6.486687860771986e-16], "2": [0.08366869386806094, 0.014319541108474148, 0.0], "3": [0.10179493748201451, 0.032518017515594945, 0.0], "4": [0.11890140876082571, 0.041136974908799945, 6.486687860771986e-16], "5": [0.14830980467943417, 0.06044392257625967, 6.486687860771986e-16], "6": [0.14830980467943417, 0.0715578842309696, 6.486687860771986e-16], "7": [0.14830980467943417, 0.0791798796398041, 6.486687860771986e-16], "8": [0.14830980467943417, 0.07381225474091134, 6.486687860771986e-16], "9": [0.14830980467943417, 0.08021961592844878, 6.486687860771986e-16], "10": [0.14830980467943417, 0.08358272633873087, 6.486687860771986e-16], "11": [0.14830980467943417, 0.057875729613689204, 6.486687860771986e-16], "12": [0.14830980467943417, 0.05413875167046501, 6.486687860771986e-16], "13": [0.14830980467943417, 0.08952262743577542, 6.486687860771986e-16], "14": [0.14830980467943417, 0.058470579633006996, 6.486687860771986e-16], "15": [0.14830980467943417, 0.058223557022819554, 6.486687860771986e-16], "16": [0.14830980467943417, 0.05577422566959933, 6.486687860771986e-16], "17": [0.14830980467943417, 0.055074931892443196, 6.486687860771986e-16], "18": [0.14830980467943417, 0.06495410899755143, 6.486687860771986e-16], "19": [0.14830980467943417, 0.07429188776823602, 6.486687860771986e-16], "20": [0.14830980467943417, 0.07954238466287898, 6.486687860771986e-16], "21": [0.14830980467943417, 0.0781996175985757, 6.486687860771986e-16], "22": [0.14830980467943417, 0.07617755651949835, 6.486687860771986e-16], "23": [0.14830980467943417, 0.07630920460592512, 6.486687860771986e-16], "24": [0.14830980467943417, 0.09680099563070656, 6.486687860771986e-16], "25": [0.14830980467943417, 0.08202608880960223, 6.486687860771986e-16], "26": [0.14830980467943417, 0.10191802316224471, 6.486687860771986e-16], "27": [0.14830980467943417, 0.08242367508874328, 6.486687860771986e-16], "28": [0.14830980467943417, 0.08665374537484274, 6.486687860771986e-16], "29": [0.14830980467943417, 0.07944234437372104, 6.486687860771986e-16], "30": [0.14830980467943417, 0.09539421005216295, 6.486687860771986e-16], "31": [0.14830980467943417, 0.06958123205035933, 6.486687860771986e-16], "32": [0.14830980467943417, 0.0751120513890582, 6.486687860771986e-16], "33": [0.14830980467943417, 0.07550285062052227, 6.486687860771986e-16], "34": [0.14830980467943417, 0.08024804227815913, 6.486687860771986e-16], "35": [0.14830980467943417, 0.07857633841620403, 6.486687860771986e-16], "36": [0.14830980467943417, 0.0836875256922555, 6.486687860771986e-16], "37": [0.14830980467943417, 0.0721897212056369, 6.486687860771986e-16], "38": [0.14830980467943417, 0.06964697551929996, 6.486687860771986e-16], "39": [0.14830980467943417, 0.06001982147223331, 6.486687860771986e-16], "40": [0.14830980467943417, 0.09670973349064393, 6.486687860771986e-16], "41": [0.14830980467943417, 0.08132184032475168, 6.486687860771986e-16], "42": [0.14830980467943417, 0.08852664675422225, 6.486687860771986e-16], "43": [0.14830980467943417, 0.08100019498086425, 6.486687860771986e-16], "44": [0.14830980467943417, 0.0760090931665726, 6.486687860771986e-16], "45": [0.14830980467943417, 0.08595506964548028, 6.486687860771986e-16]}