{"1": [0.08366869386806094, 0.007897950373154716, 6.486687860771986e-16], "2": [0.1337417696040474, 0.02763346850611227, 6.486687860771986e-16], "3": [0.1337417696040474, 0.05573260303261238, 6.486687860771986e-16], "4": [0.1337417696040474, 0.068037025972545, 6.486687860771986e-16], "5": [0.1337417696040474, 0.05763190058570888, 6.486687860771986e-16], "6": [0.1337417696040474, 0.06408924048803685, 6.486687860771986e-16], "7": [0.1481765401168343, 0.07691676135550918, 6.486687860771986e-16], "8": [0.1493627173213619, 0.07795781641617497, 6.486687860771986e-16], "9": [0.1493627173213619, 0.06391489822564571, 6.486687860771986e-16], "10": [0.1493627173213619, 0.07043101984081243, 6.486687860771986e-16], "11": [0.15131940959008855, 0.06743545539955512, 6.486687860771986e-16], "12": [0.14830980467943417, 0.06690789616540468, 6.486687860771986e-16], "13": [0.14830980467943417, 0.06754361964189667, 6.486687860771986e-16], "14": [0.1509153675938573, 0.08806673154475982, 6.486687860771986e-16], "15": [0.1509153675938573, 0.07664889560633632, 6.486687860771986e-16], "16": [0.1509153675938573, 0.07611948340938245, 6.486687860771986e-16], "17": [0.1509153675938573, 0.08725552684222887, 6.486687860771986e-16], "18": [0.15131940959008855, 0.06744553381702806, 6.486687860771986e-16], "19": [0.15131940959008855, 0.08934121159509587, 6.486687860771986e-16], "20": [0.15131940959008855, 0.07617560646940555, 6.486687860771986e-16], "21": [0.15131940959008855, 0.07895172361446966, 0.0], "22": [0.15131940959008855, 0.0863327390715681, 6.486687860771986e-16], "23": [0.15131940959008855, 0.07886836718745667, 0.0], "24": [0.15131940959008855, 0.07837804666084201, 6.486687860771986e-16], "25": [0.15131940959008855, 0.07825810702789486, 0.0004419740788065926], "26": [0.15131940959008855, 0.08474241554492308, 0.0004419740788065926], "27": [0.16459584534863606, 0.06757968022767588, 0.0], "28": [0.1660643057262962, 0.07911084417180474, 0.00031796836904549107], "29": [0.1660643057262962, 0.08738834069628217, 6.486687860771986e-16], "30": [0.1660643057262962, 0.08134400999396439, 0.000260456638998673], "31": [0.1660643057262962, 0.08646612424674775, 0.012600884792068992], "32": [0.1660643057262962, 0.07700045985792238, 6.486687860771986e-16], "33": [0.1660643057262962, 0.09043335312270565, 0.00031796836904549107], "34": [0.1660643057262962, 0.07484136072169037, 0.006827568030496863], "35": [0.1660643057262962, 0.08214806715657852, 6.486687860771986e-16], "36": [0.1660643057262962, 0.08530635087036416, 0.00031796836904549107], "37": [0.18110328318781538, 0.07742190536045425, 6.486687860771986e-16], "38": [0.18110328318781538, 0.07091935000878904, 0.00018744445845371883], "39": [0.1819507895392023, 0.07146347421773865, 3.803410188467457e-05], "40": [0.18110328318781538, 0.08041842443220255, 3.803410188467457e-05], "41": [0.18110328318781538, 0.0864078790353304, 4.290012929824804e-05], "42": [0.18110328318781538, 0.09410254613003029, 0.00018744445845371883], "43": [0.18110328318781538, 0.06963136494423201, 2.380949872312688e-05], "44": [0.1819507895392023, 0.07700235890121268, 3.803410188467457e-05], "45": [0.1819507895392023, 0.08173624972432164, 0.00048318135702285925]}