{"1": [0.2846187048192099, 0.07748596455860877, 9.063402944912141e-16], "2": [0.30049753551554637, 0.1325922043190105, 9.063402944912141e-16], "3": [0.30049753551554637, 0.15214880446063825, 9.063402944912141e-16], "4": [0.30049753551554637, 0.15600413093886303, 9.063402944912141e-16], "5": [0.3213126408232547, 0.23430835648098275, 9.063402944912141e-16], "6": [0.3426799325326527, 0.2214113904524901, 9.063402944912141e-16], "7": [0.3294002116803371, 0.21135213942916145, 9.063402944912141e-16], "8": [0.34790100905276694, 0.21149826250504594, 9.063402944912141e-16], "9": [0.34790100905276694, 0.2348043210580196, 9.063402944912141e-16], "10": [0.34790100905276694, 0.21031755896685317, 9.063402944912141e-16], "11": [0.35360514850483576, 0.19637108513472798, 9.063402944912141e-16], "12": [0.34790100905276694, 0.16964763507834435, 9.063402944912141e-16], "13": [0.35360514850483576, 0.17611920124254166, 9.063402944912141e-16], "14": [0.35360514850483576, 0.17579061311572178, 9.063402944912141e-16], "15": [0.35360514850483576, 0.21092168125679406, 9.063402944912141e-16], "16": [0.34790100905276694, 0.17844405800542001, 9.063402944912141e-16], "17": [0.34790100905276694, 0.17918514159727233, 9.063402944912141e-16], "18": [0.34790100905276694, 0.18762376109060455, 9.063402944912141e-16], "19": [0.34790100905276694, 0.20261708219831157, 9.063402944912141e-16], "20": [0.35360514850483576, 0.21391570151530823, 9.063402944912141e-16], "21": [0.344103765194541, 0.187203175284033, 9.063402944912141e-16], "22": [0.3391972804485796, 0.1806443287049752, 9.063402944912141e-16], "23": [0.34790100905276694, 0.19146353827506873, 9.063402944912141e-16], "24": [0.3406400731631151, 0.17471257546442198, 9.063402944912141e-16], "25": [0.34790100905276694, 0.19615645271153398, 9.063402944912141e-16], "26": [0.34790100905276694, 0.17311346033563885, 9.063402944912141e-16], "27": [0.34790100905276694, 0.18181587052350587, 9.063402944912141e-16], "28": [0.34790100905276694, 0.18488372952194945, 9.063402944912141e-16], "29": [0.34790100905276694, 0.18345488937498466, 9.063402944912141e-16], "30": [0.34790100905276694, 0.19729144123708034, 9.063402944912141e-16], "31": [0.34790100905276694, 0.17306612516697892, 9.063402944912141e-16], "32": [0.34790100905276694, 0.1804924572024864, 9.063402944912141e-16], "33": [0.34790100905276694, 0.22386588085622475, 9.063402944912141e-16], "34": [0.34790100905276694, 0.2122851749722638, 9.063402944912141e-16], "35": [0.34790100905276694, 0.2021663940999854, 9.063402944912141e-16], "36": [0.34790100905276694, 0.2147781760422179, 9.063402944912141e-16], "37": [0.34790100905276694, 0.22147798985344627, 9.063402944912141e-16], "38": [0.34790100905276694, 0.19392814299946262, 9.063402944912141e-16], "39": [0.34790100905276694, 0.18877107991877207, 9.063402944912141e-16], "40": [0.34790100905276694, 0.22435615135072132, 9.063402944912141e-16], "41": [0.34790100905276694, 0.2522218551960458, 9.063402944912141e-16], "42": [0.34790100905276694, 0.22086274550445967, 9.063402944912141e-16], "43": [0.34790100905276694, 0.2503070069255442, 9.063402944912141e-16], "44": [0.34790100905276694, 0.2445082539507191, 9.063402944912141e-16], "45": [0.34790100905276694, 0.27242152052215185, 9.063402944912141e-16]}